price,release_date,title,rating,author
26,"Apr 12, 2016",Hamilton: The Revolution,4.9 out of 5 stars,Lin-Manuel Miranda
28,"Sep 21, 2015",The Food Lab: Better Home Cooking Through Science,4.8 out of 5 stars,J. Kenji López-Alt
11,"Jun 27, 2013",The Day the Crayons Quit,4.8 out of 5 stars,Drew Daywalt
13,"Jul 14, 2015",Between the World and Me,4.6 out of 5 stars,Ta-Nehisi Coates
15,"Aug 2, 2016",The Underground Railroad (Pulitzer Prize Winner) (National Book Award Winner) (Oprah's Book Club): A Novel,4.1 out of 5 stars,Colson Whitehead
11,"Feb 28, 2017",Evicted: Poverty and Profit in the American City,4.6 out of 5 stars,Matthew Desmond
10,"Apr 12, 2016",The Sympathizer: A Novel (Pulitzer Prize for Fiction),4.2 out of 5 stars,Viet Thanh Nguyen
10,"Dec 16, 2008",The God of Small Things: A Novel,4 out of 5 stars,Arundhati Roy
9,"May 1, 2003",Life of Pi,4.4 out of 5 stars,Yann Martel
11,"Feb 26, 2013",Eleanor & Park,4.5 out of 5 stars,Rainbow Rowell
8,"Oct 12, 2009","Dog Days  (Diary of a Wimpy Kid, Book 4)",4.7 out of 5 stars,Jeff Kinney
27,"Oct 4, 2016",Deep Run Roots: Stories and Recipes from My Corner of the South,4.9 out of 5 stars,Vivian Howard
10,"May 13, 2014",We Were Liars,4.1 out of 5 stars,E. Lockhart
8,"Nov 1, 2010","The Ugly Truth (Diary of a Wimpy Kid, Book 5)",4.7 out of 5 stars,Jeff Kinney
15,"May 6, 2014",All the Light We Cannot See,4.6 out of 5 stars,Anthony Doerr
7,"Sep 1, 1990",Dune,4.6 out of 5 stars,Frank Herbert
11,"May 5, 2015",A Court of Thorns and Roses,4.7 out of 5 stars,Sarah J. Maas
10,"Jun 18, 2015",Grey: Fifty Shades of Grey as Told by Christian (Fifty Shades of Grey Series),4.3 out of 5 stars,E L James
10,"Jan 6, 2015",The Sixth Extinction: An Unnatural History,4.5 out of 5 stars,Elizabeth Kolbert
18,"Mar 13, 2012",The Pioneer Woman Cooks: Food from My Frontier,4.8 out of 5 stars,Ree Drummond
5,"Mar 8, 2016",Before I Fall Enhanced Edition,4.2 out of 5 stars,Lauren Oliver
21,"Oct 6, 2015",Zahav: A World of Israeli Cooking,4.8 out of 5 stars,
7,"Sep 28, 2010",The Graveyard Book,4.6 out of 5 stars,Neil Gaiman
9,"Apr 1, 2014",The Pigeon Needs a Bath!,4.8 out of 5 stars,Mo Willems
