rating,model,brand,price,image_url
3.8 out of 5 stars,"Moto G Play, 4th Gen (Black)","by ,Motorola,8,999.00,You Save: ,1,000.00
        (11%)
    ,More Buying Choices,Cash on Delivery eligible.","7,999.00",http://ecx.images-amazon.com/images/I/41cGz8M1boL._AC_US160_.jpg
4 out of 5 stars,Samsung On5 Pro (Gold),"by ,Samsung,7,990.00,You Save: ,750.00
        (9%)
    ,More Buying Choices,Cash on Delivery eligible.","7,240.00",http://ecx.images-amazon.com/images/I/41INpKtZV-L._AC_US160_.jpg
4.2 out of 5 stars,"Honor 6X (Grey, 64GB)","by ,Honor,15,999.00,You Save: ,2,000.00
        (12%)
    ,Cash on Delivery eligible.","13,999.00",http://ecx.images-amazon.com/images/I/51yk3PMJNfL._AC_US160_.jpg
4.2 out of 5 stars,"Honor 6X (Grey, 32GB)","by ,Honor,12,999.00,You Save: ,1,000.00
        (7%)
    ,More Buying Choices,Cash on Delivery eligible.","11,999.00",http://ecx.images-amazon.com/images/I/51yk3PMJNfL._AC_US160_.jpg
3 out of 5 stars,Samsung Z4 8GB Gold,"by ,Samung,More Buying Choices,Cash on Delivery eligible.","5,790.00",http://ecx.images-amazon.com/images/I/31CUWQZOOTL._AC_US160_.jpg
3.7 out of 5 stars,Intex Aqua Crystal+ (Black),"by ,Intex,Cash on Delivery eligible.","5,999.00",http://ecx.images-amazon.com/images/I/41TFT3zcijL._AC_US160_.jpg
4.3 out of 5 stars,"OnePlus 3T (Gunmetal, 6GB RAM + 64GB memory)","by ,OnePlus,More Buying Choices,Cash on Delivery eligible.","29,999.00",http://ecx.images-amazon.com/images/I/51nTYG54myL._AC_US160_.jpg
3.6 out of 5 stars,Micromax Canvas Fire 5 Q386 (Champagne),"by ,Micromax,More Buying Choices,Cash on Delivery eligible.","4,350.00",http://ecx.images-amazon.com/images/I/41FJPFPS23L._AC_US160_.jpg
3.1 out of 5 stars,"Moto G5 (3 GB, Lunar Grey)","by ,Motorola, and ","11,999.00",http://ecx.images-amazon.com/images/I/51aVMpPePsL._AC_US160_.jpg
,,,,
3.6 out of 5 stars,"Coolpad Note 5 Lite (Space Grey, 3GB RAM + 16 GB)","by ,Coolpad,8,999.00,You Save: ,800.00
        (8%)
    ,More Buying Choices,Cash on Delivery eligible.","8,199.00",http://ecx.images-amazon.com/images/I/41WWxRBNkgL._AC_US160_.jpg
2.9 out of 5 stars,"LETV Le 1s X507 (Gold, 32GB)(Certified Refurbished)","by ,LETV,Cash on Delivery eligible.","8,490.00",http://ecx.images-amazon.com/images/I/41M6IPexmBL._AC_US160_.jpg
3.4 out of 5 stars,"LYF WATER F1S - Dual Sim 4G VoLTE+ (Black, 3GB RAM, 32GB ROM)","by ,Lyf,20,249.00,You Save: ,11,650.00
        (57%)
    ,More Buying Choices,Cash on Delivery eligible.","8,599.00",http://ecx.images-amazon.com/images/I/51EkKR9kzyL._AC_US160_.jpg
4 out of 5 stars,Samsung On5 Pro (Black),"by ,Samsung,7,990.00,You Save: ,750.00
        (9%)
    ,More Buying Choices,Cash on Delivery eligible.","7,240.00",http://ecx.images-amazon.com/images/I/41I19QMu2FL._AC_US160_.jpg
2.6 out of 5 stars,LYF Smartphone CK LS-5002 (White),"by ,LYF,17,399.00,You Save: ,10,110.00
        (58%)
    ,Only 2 left in stock - order soon.,More Buying Choices,Cash on Delivery eligible.","7,289.00",http://ecx.images-amazon.com/images/I/414q4EkkWdL._AC_US160_.jpg
2.8 out of 5 stars,Hyundai HI50 Young 4 G 5” Touch-screen 4G (Reliance Jio 4G Sim Support) 2 GB RAM & 16 GB Internal Memory and 8 Mpix /5 Mpix Hd Smartphone,"by ,Surya,More Buying Choices, eligible.","4,918.00",http://ecx.images-amazon.com/images/I/41hjAnBNjSL._AC_US160_.jpg
1 out of 5 stars,Vedeocon Delite 21 Rose Gold VoLTE 2GB 16GB,"by ,Videocon,More Buying Choices,Cash on Delivery eligible.","5,379.00",http://ecx.images-amazon.com/images/I/311isJks4gL._AC_US160_.jpg
3.7 out of 5 stars,Panasonic T44 (Electric Blue) 1GB,"by ,Panasonic,More Buying Choices,Cash on Delivery eligible.","3,179.00",http://ecx.images-amazon.com/images/I/417wwYPePTL._AC_US160_.jpg
3.5 out of 5 stars,"Lenovo Vibe K5 (Silver, Snapdragon 616, VoLTE update)","by ,Lenovo,Currently unavailable",,http://ecx.images-amazon.com/images/I/5163zzSTleL._AC_US160_.jpg
4.5 out of 5 stars,"Huawei Honor 8 Lite 4GB (Black,64GB)","by ,Huawei,More Buying Choices","16,480.00",http://ecx.images-amazon.com/images/I/51FS81bVzzL._AC_US160_.jpg
,Alive+ S909 Prime 4G Smart Phone All 4G Sim Supported (Jio Not Supported) 5 Inch HD IPS Display Android 6.0 Marshmallow 2GB RAM 16GB Internal Memory 8MP front Selfie Camera & 13MP Back Camera With Flash 3200 mAh Big Standby Battery (Blue),"by ,Alive+,5,999.00,You Save: ,3,200.00
        (53%)
    , and ","2,799.00",http://ecx.images-amazon.com/images/I/31iTa2OG2nL._AC_US160_.jpg
,,,,
3.2 out of 5 stars,GoodOne Jiyo True 4G JIO + VoLTE 5.5 Inch FHD LCD Android 6.0 Marshmallow Dual Sim Smartphone 2GB RAM 16GB Internal Memory 4000mAh Battery 5 MP Selfie + 13 MP Rear Camera with Flash Speakers in Bottom For Perfect Ring and Music Experience (Gold),"by ,Goodone,7,999.00,You Save: ,1,800.00
        (22%)
    ,Only 1 left in stock - order soon.,More Buying Choices, and ","6,199.00",http://ecx.images-amazon.com/images/I/31x6Q6RjvZL._AC_US160_.jpg
,,,,
3.2 out of 5 stars,CAT S60 Rugged Waterproof Smartphone with integrated FLIR Camera (Official Warranty),"by ,CAT,Only 2 left in stock - order soon.,More Buying Choices,Cash on Delivery eligible.","49,999.00",http://ecx.images-amazon.com/images/I/51PX-XAHvVL._AC_US160_.jpg
4.5 out of 5 stars,"LETV Le 1s X507 (Silver, 32GB)(Certified Refurbished)","by ,LETV,Cash on Delivery eligible.","8,490.00",http://ecx.images-amazon.com/images/I/41KC5NqPt-L._AC_US160_.jpg
4.2 out of 5 stars,"Honor 6X (Gold, 32GB)","by ,Honor,12,999.00,You Save: ,1,000.00
        (7%)
    ,More Buying Choices,Cash on Delivery eligible.","11,999.00",http://ecx.images-amazon.com/images/I/51D4o90DNwL._AC_US160_.jpg
